substitution,date,date_95HPD_low,date_95HPD_high
M73V-I76T-H122Q,1987.494354,1986.388663,1988.596244
R129K-N150S-N232D,1988.742218,1987.489718,1989.933172
V146A,1990.008276,1989.102609,1990.838119
I179V-K182E,1992.837606,1992.103055,1993.570516
T167N,1993.8924,1993.32334,1994.432012
N196D,1994.177452,1993.680057,1994.595545
R162K,1994.419008,1994.074182,1994.752622
D196N,1994.720318,1994.438706,1995.01716
K48R-N56D,1995.814094,1994.912231,1996.589823
R149K-I550L,1998.753349,1997.680814,1999.6524
N126D,1999.423936,1998.661665,2000.077974
H40Y,2000.441029,1999.876375,2000.991114
K129N-D232A-G255R,2002.240537,2001.685939,2002.783144
V179I-V251M,2001.793004,2001.060748,2002.424208
N165Y,2004.443866,2003.696379,2005.119439
G229D,2004.916748,2004.412246,2005.44836
S150I,2005.225426,2004.759661,2005.627972
T181K,2009.504494,2009.017076,2009.958033
T37A-K298E-E312K,2011.621696,2011.321236,2011.931452
Q122K,2012.35962,2012.076816,2012.688574
N202S,2007.9454,2007.639026,2008.160316
N116K,2009.597624,2009.206838,2009.947338
K298E-E312K,2011.089225,2010.744709,2011.349698
L172Q,2013.282333,2012.99049,2013.551709
M251V,2013.657788,2013.391488,2013.855998
M251V,2012.225577,2011.961624,2012.432271
E182G,2011.1813,2010.987212,2011.337746
M251V,2008.571652,2008.143552,2008.914591
T181A-K253R,2009.978645,2009.499416,2010.430183
V29A,2010.130712,2009.692288,2010.546739
L172Q,2010.625024,2010.368065,2010.837707
N123T,2011.458897,2011.220224,2011.671166
P108A,2003.799077,2003.333089,2004.322454
R48K,2005.279507,2004.886573,2005.592768
T181A,2010.046179,2009.459235,2010.643534
T234R,2013.101328,2012.86035,2013.322675
T121S,2012.463464,2012.181346,2012.715003
D478E,2004.090569,2003.632241,2004.494032
G229S,2005.610066,2005.214671,2005.933865
N56T-N116K-G183E,1993.702506,1992.896556,1994.362455
V558I,1994.442444,1993.968931,1994.924583
V266I,1994.999601,1994.873331,1995.229095
T75I,1995.036554,1994.702195,1995.364505
Y178H,1995.386261,1994.903733,1995.823815
V29A-V219I,1996.095677,1995.687426,1996.414672
R149K,1996.922244,1996.447548,1997.377045
M73I-N150S,1988.906441,1988.038326,1989.603183
N116H,1989.693518,1988.923544,1990.650006